cell file,Rs,Rm,Cm,Pk_Ina,Max_Ikpk,Max_Ikin,Pct_inact,hyperpol,RMP_mV,InputRes_GOhms,length,Events,Frequency,Peak_pA,Trise_ms,Taudecay_ms,Duration_ms,First_AP_Mean_Amplitude_mV,First_AP_Mean_Potential_Difference_of_Spike_mV,First_AP_Mean_Threshold_Potential,First_AP_Mean_Threshold_to_Peak_S,First_AP_Mean_AP_Width_S,First_AP_Mean_Spike_Height_mV,First_AP_Membrane_Potential,Ih_current_current_injected_at_baseline,First_AP_Mean_AHP,First_AP_Current_Step_Size_pA,Most_AP_Mean_Amplitude_mV,Most_AP_Max_Amplitude_mV,Most_AP_Mean_Threshold_Potential,Most_AP_Mean_Threshold_to_Peak_S,Most_AP_Mean_AP_Width_S,Most_AP_Event_number,Most_AP_Mean_Spike_Height_mV,Most_AP_Mean_AHP,Most_AP_Current_Injection,Sweep_no_first_AP,Sweep_no_most_AP,First_AP_Event_number_2.0,First_AP_Frequency_Hz_10.0
141217_cell6_cc_0001.abf,0.35251271214333757,0.13141872063959634,0.23274978449882947,0.8007025761124125,0.1872776731533787,0.11505374512375824,0.41046956697559117,0.427974434611603,0.6210388068375949,0.35171948887844595,0.13703382480485687,0.004100227790432802,0.01366120218579235,0.9956655982143163,0.033707865168539325,0.49736573230864906,0.026578073089701004,0.7413027387120679,0.6794004579543307,0.7330812854442351,0.19080068143101198,0.23931623931623933,0.6477229958599925,0.4923507530253006,0.969163713832308,0.3708190364605128,0.17354143661005456,0.6435752434809934,0.6093557652851882,0.8026920946808248,0.24361158432709334,0.41617357001971883,0.33333333333333337,0.5553287055941202,0.43556428463514096,0.1741134783767607,0.4230769230769231,0.9285714285714286,0,0
151217_cell2_con_0002.abf,0.4422599875131037,0.24268776556526644,0.24748906441547183,0.9140515222482435,0.1502406361163416,0.234758019181302,0.8687508584719212,0.47271386430678486,0.8411538413513535,0.408916176255731,0.18907198612315695,0.03143507972665149,0.07103825136612021,0.9964713776074143,0.0898876404494382,0.5696814890497979,0.04152823920265781,0.4319022945965975,0.4374041552003026,0.5519848771266547,0.6175468483816045,0.4387464387464387,0.5470455400827999,0.5583019033871959,0.9442403426012479,0.5113642703712986,0.17193151928471867,0.4145460257618606,0.5289290110791975,0.7412892195814988,0.16524701873935976,0.4142011834319527,0.33333333333333337,0.4283380971825228,0.45531501153492826,0.12582707831401233,0.19230769230769235,0.3214285714285714,1,1
151217_cell3_con_0002.abf,0.27696199045845105,0.22018237759550552,0.23172966233840883,0.9666276346604215,0.19784473739276012,0.012316235967497355,0.035773664449249204,0.3807767944936091,0.870543604482872,0.17581567836910128,0.004336513443191671,0.001366742596810934,0.021857923497267756,0.9841272187391863,0.02247191011235955,0.5018186664297454,0.008859357696566997,0.06661732050333125,0.24347205008087722,0.9637051039697544,0.2589437819420762,0.9999999999999999,0.19232216785848658,0.6797999865485036,0.583052542336037,0.7583584400368217,0.43085565597623915,0.08482563619227168,0.07386130488305337,0.9206819331069855,0.2589437819420762,1.0,0.0,0.20865659452837854,0.6047259376937721,0.17445603519647762,1.0000000000000002,0.9285714285714286,0,0
020118_cell3_cc_0001.abf,0.44621643546148104,0.06781390544310029,0.5220247570747107,0.9668618266978921,0.2790332705586944,0.3484489719435119,0.5865287455066927,0.6204523107177977,0.7604423845539963,0.0,0.1500433651344319,0.0387243735763098,0.10683060109289616,0.9816705451753182,0.0898876404494382,0.5355932655146373,0.037652270210409754,0.46817172464841034,0.358559334495725,0.47599243856332685,0.3151618398637111,0.2735042735042734,0.5370718855852464,0.3998820406959669,0.4726636377470066,0.567997321951627,0.6905492977480568,0.5358152686145147,0.5687320475995101,0.441017120566351,0.9727427597955708,0.40976331360946744,0.16666666666666666,0.5102082482645975,0.35870245259742106,0.3213496263718666,0.7692307692307694,0.8214285714285714,0,0
020118_cell4_cc_0003.abf,0.2626796914598133,0.033579761977370594,0.9999999999999999,0.6319672131147536,0.6132035990793043,0.5459175851319342,0.7122701452749288,0.44149459193706997,0.6501515971907641,0.08922509327757394,0.0,0.0173120728929385,0.22677595628415298,0.9577450955033335,0.11235955056179775,0.5351872417929012,0.040420819490586936,0.7642487046632152,0.6169989286389519,0.639319470699434,0.2419080068143165,0.24786324786324784,0.6533684606699283,0.6027746304717896,0.47158757418317077,0.10271082656847147,1.0,0.5926013195098967,0.6881411571604461,0.7632016181463553,0.21351504826803053,0.38017751479289946,0.8333333333333334,0.5411052130121141,0.4479250567941142,0.8254579174142027,0.4230769230769231,0.8214285714285714,0,0
030118_cell2_cc_0001.abf,0.15810002329165715,0.2731448986588655,0.21799400052279552,0.6036299765807968,0.29263444235195635,0.2783844096553833,0.7463060898363534,0.4070796460176993,0.8236466644645042,0.5226067986656305,0.4796183868169991,0.011389521640091117,0.01174863387978142,0.9652295464046086,0.06741573033707865,0.5132397494558215,0.037652270210409754,0.807920059215399,0.7482301535617508,0.6272211720226838,0.28790459965929055,0.04273504273504278,0.7945050809183289,0.4829269428363059,0.8703180365644225,0.43234092113705513,0.06855445035282104,0.6520970782280866,0.7057858022158419,0.7603120710828573,0.27683134582624125,0.18565088757396453,0.5,0.6044303797468354,0.4513554120550892,0.1329668381779714,0.19230769230769235,0.7142857142857143,0,0
040118_cell1_con_0001.abf,0.42049609559973056,0.08456252195095432,0.2711402936006474,0.867564402810305,0.2746390458254856,0.32909732040951845,0.8013160810174881,0.710668633235005,0.6616209945365947,0.26930838578315763,0.1500433651344319,0.008200455580865604,0.02349726775956284,0.980472603917828,0.0449438202247191,0.5252267780196348,0.01937984496124031,0.7623982235381226,0.6296031762704035,0.761814744801513,0.2419080068143165,0.4273504273504273,0.5912683477606318,0.2733086032687224,0.9027738527423319,0.5482257929533864,0.5513773598921637,0.38375746151429535,0.6992203528929044,0.9577644537552068,0.2623509369676383,0.6183431952662721,0.33333333333333337,0.32244453518442956,0.8051426595865951,0.37771884066431277,0.6153846153846154,0.9642857142857142,0,0
100118_cell4_con_0001.abf,0.06694372792625658,0.26953490615360187,0.309900193314374,0.6481264637002335,0.6374764595103573,0.2466313476312963,0.36877800159373775,0.5228613569321536,0.7070070707517893,0.3889722281761369,0.3061578490893322,0.0856492027334852,0.12909836065573768,0.9870463810671402,0.02247191011235955,0.0,0.026024363233665554,0.6857883049592925,0.7232002184736259,0.6400756143667302,0.21465076660988747,0.19088319088319092,0.7312758750470459,0.719699203774701,0.9017738744809893,0.23800806204145353,0.22409871638917145,0.5630694313540685,0.741075092326634,0.6745888415324242,0.4071550255536677,0.48865877712031064,0.8333333333333334,0.608071321627875,0.5465646859709481,0.3216391404255955,0.15384615384615385,0.5357142857142857,0,0
110118_cell2_cc_0002.abf,0.47156729159154587,0.17631582231167847,0.0,0.8944964871194371,0.12565390249006111,0.16094577789891493,0.697667028859844,0.45624385447394317,0.7887821484233539,0.4994299975674264,0.4796183868169991,0.034168564920273356,0.03551912568306011,0.983739824800197,0.011235955056179789,0.5198916085469325,0.040420819490586936,0.5954848260547774,0.698191290464887,0.6559546313799641,0.23679727427597758,0.19088319088319092,0.7011667293940536,0.6932023364220083,0.8592313210582383,0.40274639439841553,0.13831474145553468,0.5732799245994342,0.5289290110791975,0.749837462977679,0.1558773424190873,0.2914201183431953,0.16666666666666666,0.5892200898325842,0.4914741629645826,0.09773483216237205,0.15384615384615385,0.24999999999999997,0,0
120118_cell3_cc_0001.abf,0.14712303669399165,0.6615802270627059,0.21555124076862994,0.7907494145199063,0.4065704122201287,0.47898744527536796,0.8329130495851867,0.4768928220255656,0.5572828516390775,0.4963002636621345,0.4796183868169991,0.19362186788154898,0.19398907103825133,0.924805882857079,0.06741573033707865,0.536655857136511,0.03820598006644519,0.6550703182827557,0.6546541184379127,0.6877126654064271,0.15332197614992205,0.02279202279202283,0.7056831012420017,0.375726251636175,0.9173387535053589,0.7560814015119812,0.12012752501709659,0.5636192271442046,0.6590069757899082,0.7364733078090002,0.2078364565587802,0.12228796844180478,0.33333333333333337,0.5656730638355797,0.6870368533789589,0.09115513308459611,0.07692307692307693,0.14285714285714285,0,0
120118_cell4_cc_0003.abf,1.0,0.16987404578980642,0.3431689934317448,0.6244730679156905,0.44517681523331176,0.4752227313765899,0.8978021820195975,0.43436578171091467,0.7253667335260754,0.40589268055220484,0.11535125758889853,0.28929384965831434,0.9644808743169397,0.9911777884287931,0.07865168539325842,0.5239580649460264,0.03599114064230343,0.7242783123612173,0.7233472680293263,0.47599243856332685,0.2623509369676383,0.12820512820512817,0.8340233345878808,0.5073233067924949,0.8281885176409214,0.49081513097330215,0.11856885042492257,0.5126060320452405,0.6910135412392306,0.699270389366467,0.2397785349233455,0.4260355029585799,0.5,0.6039199673336056,0.6125394731841859,0.1954777113883835,0.07692307692307693,0.3214285714285714,0,0
150118_cell1_cc_0003.abf,0.05664872972043716,0.06695643282353356,0.7324211722897754,0.14929742388758815,0.9594057334170318,0.8861557330971149,0.9073803950566415,0.4633726647000986,0.7110856084263291,0.20282993548065043,0.4535993061578491,0.001822323462414579,0.0024590163934426223,0.9808719176703247,0.39325842696629215,0.5025551952378836,0.12347729789590256,0.6998519615099958,0.6407684389639314,0.7890359168241984,0.039182282793866804,0.02849002849002849,0.6503575461046287,0.5412417803577119,0.9705441186061173,0.4395137668424131,0.2760851106972626,0.5532516493873707,0.6647517439474793,0.49134339858893916,0.5053946621237946,0.19428007889545856,0.33333333333333337,0.689397032802504,0.5293183686672587,0.15330810810363743,0.19230769230769235,0.24999999999999997,0,0
150118_cell4_cc_0001.abf,0.10440985255948457,0.03133230502582735,0.9955744036806274,0.11850117096018797,0.9611843481899973,0.786109738854913,0.7234005056576687,0.031710914454276984,0.8575168028260292,0.13032605787751447,0.0372940156114484,0.0031890660592255125,0.02431693989071038,0.9555435059485231,0.011235955056179789,0.5456816667407045,0.013289036544850502,0.9211695040710677,0.7838791672793723,0.43969754253308124,0.15332197614992205,0.019943019943019974,0.9499435453519007,0.6115439734695078,0.49497837003543455,0.16063059670265278,0.6896911325275036,0.9051209550738308,0.9015182601559324,0.5532278648655152,0.19534355479841403,0.06804733727810652,0.33333333333333337,0.8291819790390639,0.3020019519935632,0.5522028338407827,0.5,0.9285714285714286,0,0
160118_cell1_con_0001.abf,0.028074113821561025,0.0,0.6814573114722763,0.0,0.9749947687800786,0.6346012980597263,0.6597135181003831,0.4353490658800396,0.5484481010905213,0.13966929178167625,0.09800520381613181,0.0,0.0016393442622950817,0.9852715208358934,0.0,0.4940944427168939,0.0,0.8508512213175465,0.7312564334180616,0.4207939508506624,0.2844974446337369,0.008547008547008544,0.909296198720361,0.4128627377940648,0.43474054911849846,0.4682051496638495,0.636633537292673,1.0,1.0,0.48183197283825874,0.2091141396933628,0.0,0.5,0.9073091057574516,0.39519249752293195,0.5098001731740811,0.4615384615384616,0.8571428571428571,0,0
170118_cell1_con_0001.abf,0.36749256247751183,0.13004896153870682,0.3948010299327679,0.7662763466042155,0.1863360535676911,0.13118579970359248,0.42294587724534044,0.4402654867256639,0.8111965110511004,0.3999177851919273,0.4796183868169991,0.14031890660592256,0.14207650273224043,0.9951697339724099,0.0898876404494382,0.5116058815690107,0.03654485049833887,0.5836417468541848,0.6440980610465724,0.3194706994328935,0.26575809199318345,0.17663817663817663,0.8287542340986073,0.5489194824276911,0.8984913371448447,0.5456314335927679,0.03359698247595403,0.596764059063777,0.6446450553959817,0.387801295480267,0.4923339011925086,0.3481262327416124,0.33333333333333337,0.7664352797060029,0.40313950265873344,0.0695021917858268,0.038461538461538464,0.17857142857142858,0,0
170118_cell2_con_0001.abf,0.1577015016594683,0.2638106857226378,0.37081885849796226,0.2468384074941451,0.4643230801422895,0.1719332913139021,0.3101956390442533,0.6312684365781709,0.45869529929519315,0.1895892545232161,0.4796183868169991,0.12938496583143508,0.13114754098360654,0.9967681809637478,0.11235955056179775,0.5306161432188707,0.058693244739756366,0.9096965210954908,0.9214755372560541,0.4979206049149357,0.33219761499147926,0.23931623931623933,0.9450508091832891,0.3530449538768845,0.869991956696594,0.5753410327224031,0.2411560004494262,0.760053408733899,0.9171112022979102,0.622817789978088,0.4097103918228329,0.5305719921104437,0.8333333333333334,0.7792296175309655,0.7297601161185896,0.349487833025315,0.2692307692307692,0.8928571428571428,0,0
170118_cell3_con_0001.abf,0.6186110688577738,0.8173125477682974,0.1374046186612963,0.9309133489461356,0.049487340447792266,0.06987717833841545,0.5188472567033675,0.3392330383480825,0.696658050997049,0.5846396345427021,0.4796183868169991,0.001822323462414579,0.0027322404371584695,0.9944462012925128,0.06741573033707865,0.536655857136511,0.03820598006644519,0.35381199111769196,0.574827216772053,0.7739130434782607,0.2333901192504324,0.5128205128205128,0.5321791494166348,0.5533533036365663,0.9281537357883526,0.842329902083857,0.12017628023893925,0.45051837888784174,0.39228559704554905,0.7393628548724984,0.2333901192504324,0.4940828402366864,0.0,0.577378521845651,0.6716859904142836,0.048660095520023414,0.07692307692307693,0.07142857142857142,0,0
180118_cell1_con_0001.abf,0.28054092341378034,0.13995069274304478,0.5812798067003823,0.8234192037470724,0.2921113203599076,0.2598674684428387,0.616970499497868,0.6993608652900695,0.7971401425501674,0.2636876167333489,0.4796183868169991,1.0,0.9999999999999999,0.9915198870764546,0.06741573033707865,0.5123681755586157,0.04152823920265781,0.7342709104367162,0.6957229586370605,0.5742911153119106,0.21635434412265575,0.12820512820512817,0.7692886714339481,0.6113111590536393,0.7849829351535836,0.3025183418417163,0.2771241310828368,0.6420043983663215,0.6766516208453042,0.6021093693563532,0.31232254400908593,0.23767258382642015,0.33333333333333337,0.6054171770790794,0.293682344097722,0.2162810884494316,0.19230769230769235,0.3571428571428571,0,0
180118_cell2_cc_0001.abf,0.21486525383934188,0.6419567853098782,0.026677717672100754,0.9999999999999999,0.10912324754132666,0.10021634328739545,0.5743619911421174,0.4768928220255656,0.632942960634675,1.0,0.4796183868169991,0.00592255125284738,0.005464480874316939,0.9993942350775554,0.011235955056179789,0.7455555061969703,0.07475083056478407,0.373797187268692,0.42257840892380727,0.7187145557655963,0.39522998296423,0.3874643874643875,0.4554008280015049,0.4677448560948294,1.0,0.7268878846207487,0.034981766934800075,0.47596606974552425,0.4144439885104659,0.6866286209636646,0.39522998296423,0.363905325443787,0.0,0.4940792160065328,0.5796308637432475,0.014164326913115918,0.11538461538461539,0.10714285714285712,0,0
180118_cell3_cc_0001.abf,0.21067425882520316,0.3724959731980727,0.2856215668367106,0.8871194379391094,0.3386691776522287,0.1378464473706624,0.42648581833908733,0.4921337266470012,0.7091819881423842,0.5548898922581291,0.4796183868169991,0.0,0.0,0.9916688847452966,0.0,0.49443027853049615,0.0027685492801771856,0.5706883789785375,0.6507783122912423,0.6650283553875243,0.4207836456558823,0.36752136752136744,0.6537448249905905,0.5372606538463582,0.971554966196387,0.5801775601863475,0.08787034232161897,0.7266729500471267,0.6327451784981566,0.6353391605865786,0.4207836456558823,0.3431952662721894,0.0,0.7092690894242545,0.4626419389431977,0.03557922779974436,0.23076923076923078,0.21428571428571427,0,0
190118_cell1_cc_0002.abf,0.05930034381194427,0.3216304078340519,0.2863107670694611,0.666510538641686,0.4137894957103986,0.2732398684905369,0.41381624383690924,0.5710422812192726,0.4939968420562726,0.5928708124131541,0.04596704249783174,0.001822323462414579,0.01366120218579235,0.9789945470429146,0.13483146067415733,0.5435635911332237,0.020487264673311183,0.5817912657290922,0.7603092242085574,0.6869565217391308,0.2674616695059688,0.42165242165242156,0.7124576590139252,1.0,0.8712854068389817,0.06450330571595933,0.0,0.7408105560791713,0.6450553959786651,0.6562883767969373,0.2674616695059688,0.3994082840236686,0.0,0.772968558595345,0.05143586459133704,0.0,0.0,0.0,0,0
190118_cell2_cc_0011.abf,0.17409885051394777,0.2778923808322215,0.25140576755791333,0.666510538641686,0.4137894957103986,0.2732398684905369,0.41381624383690924,0.5710422812192726,0.5013967828022594,0.40280111595102036,0.4796183868169991,0.22095671981776766,0.22131147540983606,0.9936201582164524,0.0449438202247191,0.5073848340811158,0.037652270210409754,1.0,0.5552171081654509,0.06011342155009625,0.0800681431005189,0.005698005698005715,0.9966127211140382,0.3640053392106113,0.8546988108954159,0.08214425195971765,0.24155023171691464,0.7650015708451154,0.7418957734920006,0.512774205976548,0.260647359454853,0.2613412228796746,0.33333333333333337,0.6040560773104664,0.38297075624457144,0.3924846723316799,0.2692307692307692,1.0,0,0
190118_cell3_cc_0001.abf,0.21318786037651918,0.2872289861493959,0.3098629086929391,0.7142857142857137,0.2839506172839502,0.39468170280905435,1.0,0.1821533923303834,0.9622102427711778,0.09141392977424884,0.30789245446660884,0.1571753986332574,0.2349726775956284,0.9947275088912867,0.07865168539325842,0.5051841322020345,0.03156146179401993,0.1872686898593648,0.13346847887738172,0.9130434782608701,0.03577512776832166,0.5925925925925924,0.14188934888972507,0.7994226202486477,0.0,0.22957290707730033,0.4831329843712791,0.23845428840716398,0.20763233483791693,0.8722820197933977,0.03577512776832166,0.5769230769230769,0.0,0.1539403838301346,0.1830647411198653,0.19562343851580613,0.15384615384615385,0.14285714285714285,0,0
190118_cell4_cc_0001.abf,0.4187929419022468,0.2951051516271299,0.24096441569227986,0.7175644028103046,0.2280811885331662,0.26310410030151754,0.777999287285812,0.366519174041298,0.5062960226027939,0.4266088441630896,0.4796183868169991,0.061503416856492035,0.06284153005464481,0.9971257753689686,0.06741573033707865,0.5091066589667274,0.03875968992248063,0.7390821613619571,0.5424658109782987,0.33459357277882873,0.16865417376491337,0.017094017094017117,0.8005269100489268,0.37145540051840675,0.7518097432664512,0.45358398192317373,0.0689124948767075,0.5804272698711914,0.7369716864997979,0.5060319294950515,0.21408290743895897,0.2366863905325443,0.33333333333333337,0.6037838573567449,0.5927748431963369,0.15365441809928088,0.0,0.10714285714285712,0,0
190118_cell5_cc_0001.abf,0.535164073856811,0.9999999999999999,0.13715535130841774,0.9303278688524588,0.0,0.12466143127267768,0.6759752890961441,0.41396263520157345,0.0,0.48389421191816384,0.2298352124891587,0.045102505694760826,0.08743169398907102,0.9911336851188159,0.0449438202247191,0.5051414863844342,0.024916943521594688,0.6850481125092549,0.44421570069113203,0.33534971644612477,0.16013628620102927,0.10541310541310542,0.6989085434700782,0.0,0.8678289602399951,0.8685245627249203,0.17011293903625446,0.6742695570216783,0.8292983176036137,0.32529076067326645,0.36865417376491166,0.21124260355029584,0.6666666666666666,0.6706410779910171,0.9290877627799495,0.1813723644687091,0.07692307692307693,0.21428571428571427,0,0
220118_cell1_con_0001.abf,0.18286202369756763,0.220789611661103,0.36263509195879595,0.6384074941452,0.3698472483783207,0.3858916920770648,0.7164231701320003,0.7500000000000004,0.638899010503396,0.33433298828981695,0.3712055507372073,0.3148063781321185,0.39890710382513656,0.9670687736287951,0.0898876404494382,0.517852605392919,0.03654485049833887,0.710214655810514,0.743041404953469,0.6136105860113436,0.2844974446337369,0.07977207977207976,0.7884832517877308,0.46382063977402166,0.8722419077846135,0.6185001534298546,0.32993321084478333,0.776154571159285,0.7090685268773116,0.7657299718269177,0.2444633730834817,0.22189349112426032,0.16666666666666666,0.6521028991425074,0.4949944248616853,0.21616347833488217,0.23076923076923078,0.3571428571428571,0,0
220118_cell2_con_0002.abf,0.17064079100585908,0.38653782464465447,0.1976215270052695,0.6756440281030445,0.4331450094161958,0.22336166805784996,0.445581922881639,0.6531465093411999,0.5335937331503471,0.5522929651809855,0.401561144839549,0.004100227790432802,0.005464480874316939,0.9926737250239676,0.02247191011235955,0.5057918351028385,0.017718715393134,0.690229459659514,0.4366636556519538,0.28922495274102067,0.21465076660988747,0.19943019943019943,0.7184794881445244,0.30405045347075266,0.9566096389208931,0.4426242084414321,0.06879500578948577,0.7364121897580898,0.8727944193680781,0.47400611620795263,0.19534355479841403,0.2613412228796746,0.33333333333333337,0.5907172995780593,0.3385911722805788,0.06947753108750852,0.07692307692307693,0.17857142857142858,0,0
230118_cell1_cc_0002.abf,0.1776505399627961,0.3391183386317473,0.277006490262789,0.8477751756440279,0.6351747227453431,0.5735652351668573,0.7005031202192425,0.26007866273353003,0.489736682887737,0.5264050306785288,0.375542064180399,0.7416856492027336,0.9262295081967212,0.9889559351910202,0.056179775280898875,0.5260272755541735,0.05758582502768549,0.6169504071058503,0.37709808205365186,0.3202268431001898,0.22487223168654835,0.2535612535612536,0.6465939028980048,0.2959510986253686,0.945751179322189,0.4870177420704668,0.2255271239412449,0.7855796418473147,0.6840377513336098,0.30593079534782985,0.22487223168654835,0.22485207100591714,0.0,0.7015108207431602,0.3883549588144186,0.09131728300724448,0.15384615384615385,0.14285714285714285,0,0
230118_cell3_cc_0001.abf,0.1217340651366077,0.45955941902318975,0.2192689802959009,0.8631147540983601,0.26103787403222367,0.1497538456296947,0.30397834132722673,0.43436578171091467,0.49116127648126406,0.25627211362246183,0.011274934952298352,0.001822323462414579,0.021857923497267756,0.9942137649291192,0.033707865168539325,0.5144178401670294,0.026578073089701004,0.0,0.0,0.9999999999999999,0.0,0.9914529914529912,0.0,0.3541262474972524,0.7553314058390038,1.0,0.3797121352401754,0.0,0.0,0.9553564978689587,0.0,0.9911242603550294,0.0,0.0,0.7974143963696243,0.15374771738784576,0.2692307692307692,0.24999999999999997,0,0
230118_cell6_cc_0002.abf,0.3476343848490431,0.2553178040650672,0.13588166625442208,0.9099531615925047,0.2029713329148353,0.0,0.05025460929601322,0.32005899705014773,0.44463325512257623,0.35625225291611085,0.4796183868169991,0.001822323462414579,0.0027322404371584695,0.9999999999999998,0.011235955056179789,0.5086890853360578,0.029900332225913623,0.5677276091783889,0.38435602798142965,0.125897920604916,0.30323679727428193,0.31908831908831903,0.7252540459164467,0.29732729050583573,0.8404708593291454,0.5444423522191555,0.17202766814326015,0.7229029217719141,0.6294624538366871,0.12027739651809699,0.30323679727428193,0.29289940828402367,0.0,0.7868517762351978,0.4341461696528963,0.06965503298400155,0.11538461538461539,0.10714285714285712,0,0
cc_14_5_1206_cell5_0001.abf,0.10791399317831321,0.452745197909317,0.2515000811736571,0.816978922716628,0.4254028039338772,0.3714460930446478,0.5932353386294997,0.13987217305801386,0.9719599115957362,0.2760697194128939,0.06331309627059845,0.01867881548974943,0.09562841530054643,0.9830031803254417,0.033707865168539325,0.5101692505886011,0.032115171650055375,0.4918578830495954,0.6419973531079968,0.5100189035916834,0.1618398637138061,0.20512820512820515,0.7290176891230705,0.7808440298623315,0.1547901132584093,0.3968881635841218,0.3293915879855907,0.6262959472196052,0.5453426343865433,0.48724987358231686,0.1618398637138061,0.17455621301775148,0.0,0.7909350755410367,0.3164843353906812,0.1333726264700745,0.23076923076923078,0.21428571428571427,0,0
cc_14_5_1206_cell6_0002.abf,0.33290251404121185,0.09258544610339911,0.22260051096982011,0.7217798594847767,0.12261979493617883,0.2115905490349722,0.49637883574656044,0.0,0.5745686773301175,0.27888619754267135,0.4449262792714657,0.5134396355353076,0.5503551912568305,0.9581730168082481,0.0449438202247191,0.5150877348851672,0.02436323366555925,0.6361954108068129,0.557218032476945,0.0,0.2112436115843338,0.19230769230769232,0.9217162213022203,0.7894271213273543,0.29962392121910586,0.0,0.01626133280699317,0.8100848256361934,0.7086581862946266,0.0,0.2112436115843338,0.1612426035502959,0.16666666666666666,0.9999999999999999,0.0,0.006584311031244499,0.0,0.0,1,1
cc_14_5_1306_cell7_0001.abf,0.08045936612563653,0.1879515465547195,0.1509797303984243,0.667096018735363,0.6043105252144804,0.07810503722126595,0.0,0.6993608652900695,0.6507112184191399,0.2372029465709385,0.4796183868169991,0.03553530751708429,0.03597449908925327,0.9697900670525267,0.011235955056179789,0.5056141441961707,0.014950166112956811,0.5721687638786104,0.7566014746969731,0.6015122873345934,0.21465076660988747,0.10541310541310542,0.7798268724124955,0.489344860233752,0.7914175778787423,0.8170279242335476,0.13730402633033303,0.7285579641847313,0.63438654082889,0.5746586722531242,0.21465076660988747,0.07100591715976329,0.0,0.8460596161698657,0.6515098290198216,0.05559522247846192,0.15384615384615385,0.14285714285714285,0,0
cc_14_5_1906_cell1_0001.abf,0.38752050119827863,0.16334967387836521,0.1495473480720443,0.9433255269320842,0.16760828625235394,0.0768614891913528,0.2899298590284175,1.0,0.7116611215354236,0.18743282367503403,0.4796183868169991,0.01867881548974943,0.01912568306010929,0.9777918378600213,0.6067415730337078,0.8373861667629159,1.0,0.5425610658771298,0.5088859945801729,0.2189035916824209,0.9999999999999999,0.15099715099715097,0.7903650733910429,0.5394698039702672,0.45043586008999914,0.4718909532178422,0.43068098031301905,0.6908576814326104,0.6015592942141994,0.2091309687206544,0.9999999999999999,0.11834319526627218,0.0,0.8574928542262154,0.37629263961249226,0.17438530797443005,0.3076923076923077,0.2857142857142857,0,0
cc_14_5_1906_cell4_0001.abf,0.35695995033673733,0.47812782900833195,0.09246273510554323,0.9524590163934424,0.14772965055450973,0.09174999574127385,0.4254828932254825,0.42109144542772875,0.6154993512707241,0.5587728050179026,0.05464006938421508,0.0009111617312072893,0.007459016393442623,0.98421423337779,0.39325842696629215,0.5021944826973479,0.10077519379844962,0.3267949666913414,0.46541184379135847,0.5765595463137994,0.2606473594548615,0.3133903133903133,0.5581482875423411,0.4487394392794204,0.8932740592595811,0.9003577705247305,0.11962962998845156,0.41611687087653226,0.36233073450964465,0.5508199089792671,0.2606473594548615,0.28698224852071,0.0,0.6055532870559415,0.7179582480996787,0.0484387535600968,0.07692307692307693,0.07142857142857142,0,0
cc_14_5_2006_cell5_0001.abf,0.160936796992689,0.1689544187391244,0.2751465920232832,0.5548009367681505,0.19889098137685743,0.15590344616118385,0.32267146421198195,0.10865290068829914,0.3982448552873983,0.3523676950834732,0.9999999999999999,0.7157175398633259,0.3579234972677595,0.9681451327885102,0.07865168539325842,0.525947314646173,0.03875968992248063,0.9200592153960043,1.0,0.5463137996219289,0.13798977853492217,0.09401709401709404,1.0,0.394664410953667,0.9365231190626289,0.6461663458587887,0.1549435975137547,0.8022620169651282,0.9019286007386171,0.6302824532254585,0.25894378194208467,0.23964497041420113,0.6666666666666666,0.8496529195590031,0.7494960130577787,0.1744944575398589,0.38461538461538464,0.9285714285714286,0,0
con_14_5_0606_cell2_0001.abf,0.40019137031076457,0.4962439602177221,0.26620519962537326,0.8488290398126463,0.2179326218874237,0.22690492819787716,0.5704084500008095,0.5172074729596856,0.3319847937404137,0.006064191100010469,0.014744145706851688,0.012300683371298405,0.11953551912568305,0.9731037752075744,1.0,0.9999999999999999,0.5005537098560355,0.5995558845299807,0.5471398861416292,0.6982986767485821,0.21805792163544108,0.19373219373219372,0.5690628528415506,0.3051420943984935,0.7225277711354107,0.7124445560297945,0.24152218829983868,0.4298617656299091,0.5424702503077572,0.8035348792410131,0.29244747302669255,0.46449704142011844,0.8333333333333334,0.46141282155981966,1.0,0.32111651597894897,0.2692307692307692,0.8214285714285714,0,0
con_14_5_1206_cell9_0001.abf,0.3097672136691537,0.24049031339488147,0.15369005381730985,0.704215456674472,0.22713956894747858,0.18961552220499786,0.611170006604256,0.6619960668633236,0.6673477472691516,0.2788122977078274,0.4449262792714657,0.0022779043280182236,0.0029234972677595625,0.8967800173385605,0.0449438202247191,0.5043427657589622,0.00996677740863787,0.8538119911176938,0.6788122597315293,0.35803402646503013,0.15502555366269033,0.06267806267806267,0.8803161460293564,0.4857155421730437,0.7199626095084892,0.2528349652690599,0.20594629892486174,0.9059849198868999,0.8715633976200281,0.4157335837607462,0.4131175468483866,0.3860946745562131,0.16666666666666666,0.8015516537362192,0.22829982843589267,0.11172878185193949,0.23076923076923078,0.2857142857142857,0,0
con_14_5_1306_cell4_0001.abf,0.39494934874877663,0.44292238668667683,0.11560874953979608,0.9720140515222482,0.05628792634442323,0.10406623170877108,0.7120365919829467,0.3126843657817115,0.6623383994378798,0.5269645606834105,0.46227233304423243,0.08291571753986333,0.08620218579234971,0.8269489818870088,0.07865168539325842,0.5133810137266225,0.012181616832779622,0.42227979274611566,0.5094426821838962,0.5750472589792068,0.293015332197621,0.2735042735042734,0.5965374482499054,0.45557383579858657,0.8804482511249758,0.7809544731776723,0.10291800526414926,0.4328463713477858,0.4123922855970464,0.5612945170844479,0.6090289608177204,0.32988165680473375,0.16666666666666666,0.6067782768476924,0.6420307035796726,0.05576088172662254,0.11538461538461539,0.14285714285714285,0,0
cc_192_4_0806_cell4_0001.abf,0.3607821335924779,0.06691640365300128,0.6584618714154914,0.8822014051522249,0.2240008369951866,0.34962438035534776,0.5101787375385621,0.1489675516224191,0.7608056275419885,0.1723992800239529,0.4796183868169991,0.035990888382687936,0.0364207650273224,0.0,0.12359550561797752,0.5385011772022567,0.0370985603543743,0.799037749814955,0.6608827174757893,0.502457466918716,0.2112436115843253,0.3105413105413105,0.7489649981181776,0.5216439801952586,0.4750874980978681,0.19742935252601312,0.655372090976611,0.2094250706880304,0.427574887156341,0.9946543379325291,0.1897785349233374,0.5124260355029586,0.6666666666666666,0.2756227031441408,0.7773355565915918,1.0,0.2692307692307692,1.0,0,0
cc_192_4_0806_cell6_0001.abf,0.39462738377653517,0.07395311650123709,0.3239874438827317,0.8299765807962525,0.10504289600334879,0.23210057407628187,0.4749817330071347,0.4545231071779746,1.0,0.12166240525513627,0.11535125758889853,0.2656036446469248,0.8864480874316939,0.68585414940032,0.24719101123595505,0.5358215983297054,0.08970099667774087,0.49000740192450293,0.5587673045816441,0.8003780718336498,0.1311754684838234,0.11396011396011399,0.5378246142265707,0.7570581570410866,0.4748592421903881,0.3459599129634264,0.6571347153125741,0.2753063147973609,0.498974148543293,1.0,0.43339011925043075,0.9047337278106509,0.6666666666666666,0.41894650877909395,0.5804149979099003,0.7545241434650836,0.2692307692307692,0.75,0,0
cc_192_4_1506_cell7_0001.abf,0.2027236963979869,0.21777462369457679,0.3191969217501649,0.6583138173302105,0.31094371207365623,0.40072909391342815,0.9346482198614667,0.26769911504424776,0.622797129926338,0.15606639907787515,0.4796183868169991,0.0009111617312072893,0.0013661202185792348,0.6982149960074583,0.0898876404494382,0.5319426058371463,0.027131782945736434,0.7868245743893443,0.665619813877276,0.45255198487712767,0.2299829642248703,0.14245014245014245,0.8005269100489268,0.3842524329106536,0.7313971435403581,0.4551636120177417,0.22451169563670148,0.5280395852968897,0.668444809191632,0.7199788099882019,0.4028960817717257,0.5207100591715976,0.8333333333333334,0.5907853545664897,0.687972067769211,0.3213600059177191,0.15384615384615385,0.5357142857142857,0,0
con_192_4_1506_cell4_0001.abf,0.44102679875382667,0.5553601498033782,0.32318090883770545,0.7546838407494137,0.11979493617911777,0.16229153535594404,0.7544084445203642,0.6661750245821043,0.3712445499362611,0.3998885259489974,0.1673894189071986,0.010022779043280182,0.02617486338797814,0.9879606307631551,0.056179775280898875,0.5152387721558349,0.02436323366555925,0.7840488527017055,0.8360555007037367,0.7213610586011344,0.2827938671209601,0.1452991452991453,0.7802032367331575,0.48746165029205946,0.86679637399187,0.5315368092169488,0.17166032818234186,0.853754319824066,0.78251949117768,0.7282862577957583,0.2873367404883621,0.1597633136094675,0.33333333333333337,0.7773240778549069,0.40283178097631167,0.0910665941801875,0.11538461538461539,0.14285714285714285,1,1
cc 192_7_3005_cell2_0001.abf,0.06311980777737994,0.11805724166445247,0.38525648051212824,0.27822014051522215,0.8458882611424985,0.6638331942149442,0.6642823817119268,0.015240904621435514,0.6667029909654667,0.22777274876954565,0.34952298352124894,0.02323462414578588,0.031584699453551905,0.9894613352837325,0.033707865168539325,0.5091413086935276,0.034883720930232565,0.9411547002220604,0.8809003634224735,0.5190926275992436,0.22316865417377152,0.0,0.9920963492660889,0.4943477833480836,0.9693050151083672,0.43228861550478315,0.20921365813388232,0.7628652214891611,0.8580221583914682,0.6952972621541591,0.2838160136286262,0.16745562130177516,0.6666666666666666,0.7045324622294812,0.49380432052364454,0.25123800999445234,0.23076923076923078,0.6428571428571428,0,0
cc 192_7_3005_cell3_0001.abf,0.0,0.1622902004916257,0.3305431700591869,0.621662763466043,0.9999999999999998,1.0,0.9776984109950515,0.4132251720747298,0.6343437164071155,0.41960033535978025,0.4796183868169991,0.010022779043280182,0.010464480874316938,0.9795070990237313,0.02247191011235955,0.5321602771978143,0.0370985603543743,0.7631384159881605,0.5883662794361695,0.53194706994329,0.177172061328789,0.045584045584045635,0.7448249905908917,0.47427659387336574,0.9099258711767138,0.34845663514380426,0.10333224135950458,0.3127103810421443,0.6479277800574499,0.9011774904283746,0.154782185446583,0.2857142857142752,0.9999999999999999,0.34468879426004734,0.7463102197363182,0.3216849524967201,0.11538461538461539,0.8214285714285714,0,0
